openstax_lo_id,chapter_number,chapter_title,section_number,section_title,lo_number,lo_text,source_url
1.1.1,1,Introduction to Psychology,1.1,What Is Psychology?,1,Define psychology,https://openstax.org/books/psychology-2e/pages/1-1-what-is-psychology
1.1.2,1,Introduction to Psychology,1.1,What Is Psychology?,2,Understand the merits of an education in psychology,https://openstax.org/books/psychology-2e/pages/1-1-what-is-psychology
1.2.1,1,Introduction to Psychology,1.2,History of Psychology,1,Understand the importance of Wundt and James in the development of psychology,https://openstax.org/books/psychology-2e/pages/1-2-history-of-psychology
1.2.2,1,Introduction to Psychology,1.2,History of Psychology,2,Appreciate Freud's influence on psychology,https://openstax.org/books/psychology-2e/pages/1-2-history-of-psychology
1.2.3,1,Introduction to Psychology,1.2,History of Psychology,3,Understand the basic tenets of Gestalt psychology,https://openstax.org/books/psychology-2e/pages/1-2-history-of-psychology
1.2.4,1,Introduction to Psychology,1.2,History of Psychology,4,Appreciate the important role that behaviorism played in psychology's history,https://openstax.org/books/psychology-2e/pages/1-2-history-of-psychology
1.2.5,1,Introduction to Psychology,1.2,History of Psychology,5,Understand basic tenets of humanism,https://openstax.org/books/psychology-2e/pages/1-2-history-of-psychology
1.2.6,1,Introduction to Psychology,1.2,History of Psychology,6,Understand how the cognitive revolution shifted psychology's focus back to the mind,https://openstax.org/books/psychology-2e/pages/1-2-history-of-psychology
1.3.1,1,Introduction to Psychology,1.3,Contemporary Psychology,1,Appreciate the diversity of interests and foci within psychology,https://openstax.org/books/psychology-2e/pages/1-3-contemporary-psychology
1.3.2,1,Introduction to Psychology,1.3,Contemporary Psychology,2,Understand basic interests and applications in each of the described areas of psychology,https://openstax.org/books/psychology-2e/pages/1-3-contemporary-psychology
1.3.3,1,Introduction to Psychology,1.3,Contemporary Psychology,3,Demonstrate familiarity with some of the major concepts or important figures in each of the described areas of psychology,https://openstax.org/books/psychology-2e/pages/1-3-contemporary-psychology
1.4.1,1,Introduction to Psychology,1.4,Careers in Psychology,1,Understand educational requirements for careers in academic settings,https://openstax.org/books/psychology-2e/pages/1-4-careers-in-psychology
1.4.2,1,Introduction to Psychology,1.4,Careers in Psychology,2,Understand the demands of a career in an academic setting,https://openstax.org/books/psychology-2e/pages/1-4-careers-in-psychology
1.4.3,1,Introduction to Psychology,1.4,Careers in Psychology,3,Understand career options outside of academic settings,https://openstax.org/books/psychology-2e/pages/1-4-careers-in-psychology
2.1.1,2,Psychological Research,2.1,Why Is Research Important?,1,Explain how scientific research addresses questions about behavior,https://openstax.org/books/psychology-2e/pages/2-1-why-is-research-important
2.1.2,2,Psychological Research,2.1,Why Is Research Important?,2,Discuss how scientific research guides public policy,https://openstax.org/books/psychology-2e/pages/2-1-why-is-research-important
2.1.3,2,Psychological Research,2.1,Why Is Research Important?,3,Appreciate how scientific research can be important in making personal decisions,https://openstax.org/books/psychology-2e/pages/2-1-why-is-research-important
2.2.1,2,Psychological Research,2.2,Approaches to Research,1,Describe the different research methods used by psychologists,https://openstax.org/books/psychology-2e/pages/2-2-approaches-to-research
2.2.2,2,Psychological Research,2.2,Approaches to Research,2,"Discuss the strengths and weaknesses of case studies, naturalistic observation, surveys, and archival research",https://openstax.org/books/psychology-2e/pages/2-2-approaches-to-research
2.2.3,2,Psychological Research,2.2,Approaches to Research,3,Compare longitudinal and cross-sectional approaches to research,https://openstax.org/books/psychology-2e/pages/2-2-approaches-to-research
2.2.4,2,Psychological Research,2.2,Approaches to Research,4,Compare and contrast correlation and causation,https://openstax.org/books/psychology-2e/pages/2-2-approaches-to-research
2.3.1,2,Psychological Research,2.3,Analyzing Findings,1,Explain what a correlation coefficient tells us about the relationship between variables,https://openstax.org/books/psychology-2e/pages/2-3-analyzing-findings
2.3.2,2,Psychological Research,2.3,Analyzing Findings,2,Recognize that correlation does not indicate a cause-and-effect relationship between variables,https://openstax.org/books/psychology-2e/pages/2-3-analyzing-findings
2.3.3,2,Psychological Research,2.3,Analyzing Findings,3,Discuss our tendency to look for relationships between variables that do not really exist,https://openstax.org/books/psychology-2e/pages/2-3-analyzing-findings
2.3.4,2,Psychological Research,2.3,Analyzing Findings,4,Explain random sampling and assignment of participants into experimental and control groups,https://openstax.org/books/psychology-2e/pages/2-3-analyzing-findings
2.3.5,2,Psychological Research,2.3,Analyzing Findings,5,Discuss how experimenter or participant bias could affect the results of an experiment,https://openstax.org/books/psychology-2e/pages/2-3-analyzing-findings
2.3.6,2,Psychological Research,2.3,Analyzing Findings,6,Identify independent and dependent variables,https://openstax.org/books/psychology-2e/pages/2-3-analyzing-findings
2.4.1,2,Psychological Research,2.4,Ethics,1,Discuss how research involving human subjects is regulated,https://openstax.org/books/psychology-2e/pages/2-4-ethics
2.4.2,2,Psychological Research,2.4,Ethics,2,Summarize the processes of informed consent and debriefing,https://openstax.org/books/psychology-2e/pages/2-4-ethics
2.4.3,2,Psychological Research,2.4,Ethics,3,Explain how research involving animal subjects is regulated,https://openstax.org/books/psychology-2e/pages/2-4-ethics
3.1.1,3,Biopsychology,3.1,Human Genetics,1,Explain the basic principles of the theory of evolution by natural selection,https://openstax.org/books/psychology-2e/pages/3-1-human-genetics
3.1.2,3,Biopsychology,3.1,Human Genetics,2,Describe the differences between genotype and phenotype,https://openstax.org/books/psychology-2e/pages/3-1-human-genetics
3.1.3,3,Biopsychology,3.1,Human Genetics,3,Discuss how gene-environment interactions are critical for expression of physical and psychological characteristics,https://openstax.org/books/psychology-2e/pages/3-1-human-genetics
3.2.1,3,Biopsychology,3.2,Cells of the Nervous System,1,Identify the basic parts of a neuron,https://openstax.org/books/psychology-2e/pages/3-2-cells-of-the-nervous-system
3.2.2,3,Biopsychology,3.2,Cells of the Nervous System,2,Describe how neurons communicate with each other,https://openstax.org/books/psychology-2e/pages/3-2-cells-of-the-nervous-system
3.2.3,3,Biopsychology,3.2,Cells of the Nervous System,3,Explain how drugs act as agonists or antagonists for a given neurotransmitter system,https://openstax.org/books/psychology-2e/pages/3-2-cells-of-the-nervous-system
3.3.1,3,Biopsychology,3.3,Parts of the Nervous System,1,Describe the difference between the central and peripheral nervous systems,https://openstax.org/books/psychology-2e/pages/3-3-parts-of-the-nervous-system
3.3.2,3,Biopsychology,3.3,Parts of the Nervous System,2,Explain the difference between the somatic and autonomic nervous systems,https://openstax.org/books/psychology-2e/pages/3-3-parts-of-the-nervous-system
3.3.3,3,Biopsychology,3.3,Parts of the Nervous System,3,Differentiate between the sympathetic and parasympathetic divisions of the autonomic nervous system,https://openstax.org/books/psychology-2e/pages/3-3-parts-of-the-nervous-system
3.4.1,3,Biopsychology,3.4,The Brain and Spinal Cord,1,Explain the functions of the spinal cord,https://openstax.org/books/psychology-2e/pages/3-4-the-brain-and-spinal-cord
3.4.2,3,Biopsychology,3.4,The Brain and Spinal Cord,2,Identify the hemispheres and lobes of the brain,https://openstax.org/books/psychology-2e/pages/3-4-the-brain-and-spinal-cord
3.4.3,3,Biopsychology,3.4,The Brain and Spinal Cord,3,Describe the types of techniques available to clinicians and researchers to image or scan the brain,https://openstax.org/books/psychology-2e/pages/3-4-the-brain-and-spinal-cord
3.5.1,3,Biopsychology,3.5,The Endocrine System,1,Identify the major glands of the endocrine system,https://openstax.org/books/psychology-2e/pages/3-5-the-endocrine-system
3.5.2,3,Biopsychology,3.5,The Endocrine System,2,Identify the hormones secreted by each gland,https://openstax.org/books/psychology-2e/pages/3-5-the-endocrine-system
3.5.3,3,Biopsychology,3.5,The Endocrine System,3,Describe each hormone’s role in regulating bodily functions,https://openstax.org/books/psychology-2e/pages/3-5-the-endocrine-system
4.1.1,4,States of Consciousness,4.1,What Is Consciousness?,1,Understand what is meant by consciousness,https://openstax.org/books/psychology-2e/pages/4-1-what-is-consciousness
4.1.2,4,States of Consciousness,4.1,What Is Consciousness?,2,"Explain how circadian rhythms are involved in regulating the sleep-wake cycle, and how circadian cycles can be disrupted",https://openstax.org/books/psychology-2e/pages/4-1-what-is-consciousness
4.1.3,4,States of Consciousness,4.1,What Is Consciousness?,3,Discuss the concept of sleep debt,https://openstax.org/books/psychology-2e/pages/4-1-what-is-consciousness
4.2.1,4,States of Consciousness,4.2,Sleep and Why We Sleep,1,Describe areas of the brain involved in sleep,https://openstax.org/books/psychology-2e/pages/4-2-sleep-and-why-we-sleep
4.2.2,4,States of Consciousness,4.2,Sleep and Why We Sleep,2,Understand hormone secretions associated with sleep,https://openstax.org/books/psychology-2e/pages/4-2-sleep-and-why-we-sleep
4.2.3,4,States of Consciousness,4.2,Sleep and Why We Sleep,3,Describe several theories aimed at explaining the function of sleep,https://openstax.org/books/psychology-2e/pages/4-2-sleep-and-why-we-sleep
4.2.4,4,States of Consciousness,4.2,Sleep and Why We Sleep,4,Name and describe three theories about why we dream,https://openstax.org/books/psychology-2e/pages/4-2-sleep-and-why-we-sleep
4.3.1,4,States of Consciousness,4.3,Stages of Sleep,1,Differentiate between REM and non-REM sleep,https://openstax.org/books/psychology-2e/pages/4-3-stages-of-sleep
4.3.2,4,States of Consciousness,4.3,Stages of Sleep,2,Describe the differences between the three stages of non-REM sleep,https://openstax.org/books/psychology-2e/pages/4-3-stages-of-sleep
4.3.3,4,States of Consciousness,4.3,Stages of Sleep,3,Understand the role that REM and non-REM sleep play in learning and memory,https://openstax.org/books/psychology-2e/pages/4-3-stages-of-sleep
4.4.1,4,States of Consciousness,4.4,Sleep Problems and Disorders,1,Describe the symptoms and treatments of insomnia,https://openstax.org/books/psychology-2e/pages/4-4-sleep-problems-and-disorders
4.4.2,4,States of Consciousness,4.4,Sleep Problems and Disorders,2,Recognize the symptoms of several parasomnias,https://openstax.org/books/psychology-2e/pages/4-4-sleep-problems-and-disorders
4.4.3,4,States of Consciousness,4.4,Sleep Problems and Disorders,3,Describe the symptoms and treatments for sleep apnea,https://openstax.org/books/psychology-2e/pages/4-4-sleep-problems-and-disorders
4.4.4,4,States of Consciousness,4.4,Sleep Problems and Disorders,4,Recognize risk factors associated with sudden infant death syndrome (SIDS) and steps to prevent it,https://openstax.org/books/psychology-2e/pages/4-4-sleep-problems-and-disorders
4.4.5,4,States of Consciousness,4.4,Sleep Problems and Disorders,5,Describe the symptoms and treatments for narcolepsy,https://openstax.org/books/psychology-2e/pages/4-4-sleep-problems-and-disorders
4.5.1,4,States of Consciousness,4.5,Substance Use and Abuse,1,Describe the diagnostic criteria for substance use disorders,https://openstax.org/books/psychology-2e/pages/4-5-substance-use-and-abuse
4.5.2,4,States of Consciousness,4.5,Substance Use and Abuse,2,Identify the neurotransmitter systems impacted by various categories of drugs,https://openstax.org/books/psychology-2e/pages/4-5-substance-use-and-abuse
4.5.3,4,States of Consciousness,4.5,Substance Use and Abuse,3,Describe how different categories of drugs affect behavior and experience,https://openstax.org/books/psychology-2e/pages/4-5-substance-use-and-abuse
4.6.1,4,States of Consciousness,4.6,Other States of Consciousness,1,Define hypnosis and meditation,https://openstax.org/books/psychology-2e/pages/4-6-other-states-of-consciousness
4.6.2,4,States of Consciousness,4.6,Other States of Consciousness,2,Understand the similarities and differences of hypnosis and meditation,https://openstax.org/books/psychology-2e/pages/4-6-other-states-of-consciousness
5.1.1,5,Sensation and Perception,5.1,Sensation versus Perception,1,Distinguish between sensation and perception,https://openstax.org/books/psychology-2e/pages/5-1-sensation-versus-perception
5.1.2,5,Sensation and Perception,5.1,Sensation versus Perception,2,Describe the concepts of absolute threshold and difference threshold,https://openstax.org/books/psychology-2e/pages/5-1-sensation-versus-perception
5.1.3,5,Sensation and Perception,5.1,Sensation versus Perception,3,"Discuss the roles attention, motivation, and sensory adaptation play in perception",https://openstax.org/books/psychology-2e/pages/5-1-sensation-versus-perception
5.2.1,5,Sensation and Perception,5.2,Waves and Wavelengths,1,Describe important physical features of wave forms,https://openstax.org/books/psychology-2e/pages/5-2-waves-and-wavelengths
5.2.2,5,Sensation and Perception,5.2,Waves and Wavelengths,2,Show how physical properties of light waves are associated with perceptual experience,https://openstax.org/books/psychology-2e/pages/5-2-waves-and-wavelengths
5.2.3,5,Sensation and Perception,5.2,Waves and Wavelengths,3,Show how physical properties of sound waves are associated with perceptual experience,https://openstax.org/books/psychology-2e/pages/5-2-waves-and-wavelengths
5.3.1,5,Sensation and Perception,5.3,Vision,1,Describe the basic anatomy of the visual system,https://openstax.org/books/psychology-2e/pages/5-3-vision
5.3.2,5,Sensation and Perception,5.3,Vision,2,Discuss how rods and cones contribute to different aspects of vision,https://openstax.org/books/psychology-2e/pages/5-3-vision
5.3.3,5,Sensation and Perception,5.3,Vision,3,Describe how monocular and binocular cues are used in the perception of depth,https://openstax.org/books/psychology-2e/pages/5-3-vision
5.5.1,5,Sensation and Perception,5.5,The Other Senses,1,Describe the basic functions of the chemical senses,https://openstax.org/books/psychology-2e/pages/5-5-the-other-senses
5.5.2,5,Sensation and Perception,5.5,The Other Senses,2,"Explain the basic functions of the somatosensory, nociceptive, and thermoceptive sensory systems",https://openstax.org/books/psychology-2e/pages/5-5-the-other-senses
5.5.3,5,Sensation and Perception,5.5,The Other Senses,3,"Describe the basic functions of the vestibular, proprioceptive, and kinesthetic sensory systems",https://openstax.org/books/psychology-2e/pages/5-5-the-other-senses
6.1.1,6,Learning,6.1,What Is Learning?,1,Explain how learned behaviors are different from instincts and reflexes,https://openstax.org/books/psychology-2e/pages/6-1-what-is-learning
6.1.2,6,Learning,6.1,What Is Learning?,2,Define learning,https://openstax.org/books/psychology-2e/pages/6-1-what-is-learning
6.1.3,6,Learning,6.1,What Is Learning?,3,"Recognize and define three basic forms of learning—classical conditioning, operant conditioning, and observational learning",https://openstax.org/books/psychology-2e/pages/6-1-what-is-learning
6.2.1,6,Learning,6.2,Classical Conditioning,1,Explain how classical conditioning occurs,https://openstax.org/books/psychology-2e/pages/6-2-classical-conditioning
6.2.2,6,Learning,6.2,Classical Conditioning,2,"Summarize the processes of acquisition, extinction, spontaneous recovery, generalization, and discrimination",https://openstax.org/books/psychology-2e/pages/6-2-classical-conditioning
6.3.1,6,Learning,6.3,Operant Conditioning,1,Define operant conditioning,https://openstax.org/books/psychology-2e/pages/6-3-operant-conditioning
6.3.2,6,Learning,6.3,Operant Conditioning,2,Explain the difference between reinforcement and punishment,https://openstax.org/books/psychology-2e/pages/6-3-operant-conditioning
6.3.3,6,Learning,6.3,Operant Conditioning,3,Distinguish between reinforcement schedules,https://openstax.org/books/psychology-2e/pages/6-3-operant-conditioning
6.4.1,6,Learning,6.4,Observational Learning (Modeling),1,Define observational learning,https://openstax.org/books/psychology-2e/pages/6-4-observational-learning-modeling
6.4.2,6,Learning,6.4,Observational Learning (Modeling),2,Discuss the steps in the modeling process,https://openstax.org/books/psychology-2e/pages/6-4-observational-learning-modeling
6.4.3,6,Learning,6.4,Observational Learning (Modeling),3,Explain the prosocial and antisocial effects of observational learning,https://openstax.org/books/psychology-2e/pages/6-4-observational-learning-modeling
7.1.1,7,Thinking and Intelligence,7.1,What Is Cognition?,1,Describe cognition,https://openstax.org/books/psychology-2e/pages/7-1-what-is-cognition
7.1.2,7,Thinking and Intelligence,7.1,What Is Cognition?,2,Distinguish concepts and prototypes,https://openstax.org/books/psychology-2e/pages/7-1-what-is-cognition
7.1.3,7,Thinking and Intelligence,7.1,What Is Cognition?,3,Explain the difference between natural and artificial concepts,https://openstax.org/books/psychology-2e/pages/7-1-what-is-cognition
7.1.4,7,Thinking and Intelligence,7.1,What Is Cognition?,4,Describe how schemata are organized and constructed,https://openstax.org/books/psychology-2e/pages/7-1-what-is-cognition
7.2.1,7,Thinking and Intelligence,7.2,Language,1,Define language and demonstrate familiarity with the components of language,https://openstax.org/books/psychology-2e/pages/7-2-language
7.2.2,7,Thinking and Intelligence,7.2,Language,2,Understand the development of language,https://openstax.org/books/psychology-2e/pages/7-2-language
7.2.3,7,Thinking and Intelligence,7.2,Language,3,Explain the relationship between language and thinking,https://openstax.org/books/psychology-2e/pages/7-2-language
7.3.1,7,Thinking and Intelligence,7.3,Problem Solving,1,Describe problem solving strategies,https://openstax.org/books/psychology-2e/pages/7-3-problem-solving
7.3.2,7,Thinking and Intelligence,7.3,Problem Solving,2,Define algorithm and heuristic,https://openstax.org/books/psychology-2e/pages/7-3-problem-solving
7.3.3,7,Thinking and Intelligence,7.3,Problem Solving,3,Explain some common roadblocks to effective problem solving and decision making,https://openstax.org/books/psychology-2e/pages/7-3-problem-solving
7.4.1,7,Thinking and Intelligence,7.4,What Are Intelligence and Creativity?,1,Define intelligence,https://openstax.org/books/psychology-2e/pages/7-4-what-are-intelligence-and-creativity
7.4.2,7,Thinking and Intelligence,7.4,What Are Intelligence and Creativity?,2,Explain the triarchic theory of intelligence,https://openstax.org/books/psychology-2e/pages/7-4-what-are-intelligence-and-creativity
7.4.3,7,Thinking and Intelligence,7.4,What Are Intelligence and Creativity?,3,Identify the difference between intelligence theories,https://openstax.org/books/psychology-2e/pages/7-4-what-are-intelligence-and-creativity
7.4.4,7,Thinking and Intelligence,7.4,What Are Intelligence and Creativity?,4,Explain emotional intelligence,https://openstax.org/books/psychology-2e/pages/7-4-what-are-intelligence-and-creativity
7.4.5,7,Thinking and Intelligence,7.4,What Are Intelligence and Creativity?,5,Define creativity,https://openstax.org/books/psychology-2e/pages/7-4-what-are-intelligence-and-creativity
7.5.1,7,Thinking and Intelligence,7.5,Measures of Intelligence,1,Explain how intelligence tests are developed,https://openstax.org/books/psychology-2e/pages/7-5-measures-of-intelligence
7.5.2,7,Thinking and Intelligence,7.5,Measures of Intelligence,2,Describe the history of the use of IQ tests,https://openstax.org/books/psychology-2e/pages/7-5-measures-of-intelligence
7.5.3,7,Thinking and Intelligence,7.5,Measures of Intelligence,3,Describe the purposes and benefits of intelligence testing,https://openstax.org/books/psychology-2e/pages/7-5-measures-of-intelligence
7.6.1,7,Thinking and Intelligence,7.6,The Source of Intelligence,1,Describe how genetics and environment affect intelligence,https://openstax.org/books/psychology-2e/pages/7-6-the-source-of-intelligence
7.6.2,7,Thinking and Intelligence,7.6,The Source of Intelligence,2,Explain the relationship between IQ scores and socioeconomic status,https://openstax.org/books/psychology-2e/pages/7-6-the-source-of-intelligence
7.6.3,7,Thinking and Intelligence,7.6,The Source of Intelligence,3,Describe the difference between a learning disability and a developmental disorder,https://openstax.org/books/psychology-2e/pages/7-6-the-source-of-intelligence
8.1.1,8,Memory,8.1,How Memory Functions,1,Discuss the three basic functions of memory,https://openstax.org/books/psychology-2e/pages/8-1-how-memory-functions
8.1.2,8,Memory,8.1,How Memory Functions,2,Describe the three stages of memory storage,https://openstax.org/books/psychology-2e/pages/8-1-how-memory-functions
8.1.3,8,Memory,8.1,How Memory Functions,3,Describe and distinguish between procedural and declarative memory and semantic and episodic memory,https://openstax.org/books/psychology-2e/pages/8-1-how-memory-functions
8.2.1,8,Memory,8.2,Parts of the Brain Involved with Memory,1,Explain the brain functions involved in memory,https://openstax.org/books/psychology-2e/pages/8-2-parts-of-the-brain-involved-with-memory
8.2.2,8,Memory,8.2,Parts of the Brain Involved with Memory,2,"Recognize the roles of the hippocampus, amygdala, and cerebellum",https://openstax.org/books/psychology-2e/pages/8-2-parts-of-the-brain-involved-with-memory
8.3.1,8,Memory,8.3,Problems with Memory,1,Compare and contrast the two types of amnesia,https://openstax.org/books/psychology-2e/pages/8-3-problems-with-memory
8.3.2,8,Memory,8.3,Problems with Memory,2,Discuss the unreliability of eyewitness testimony,https://openstax.org/books/psychology-2e/pages/8-3-problems-with-memory
8.3.3,8,Memory,8.3,Problems with Memory,3,Discuss encoding failure,https://openstax.org/books/psychology-2e/pages/8-3-problems-with-memory
8.3.4,8,Memory,8.3,Problems with Memory,4,Discuss the various memory errors,https://openstax.org/books/psychology-2e/pages/8-3-problems-with-memory
8.3.5,8,Memory,8.3,Problems with Memory,5,Compare and contrast the two types of interference,https://openstax.org/books/psychology-2e/pages/8-3-problems-with-memory
8.4.1,8,Memory,8.4,Ways to Enhance Memory,1,Recognize and apply memory-enhancing strategies,https://openstax.org/books/psychology-2e/pages/8-4-ways-to-enhance-memory
8.4.2,8,Memory,8.4,Ways to Enhance Memory,2,Recognize and apply effective study techniques,https://openstax.org/books/psychology-2e/pages/8-4-ways-to-enhance-memory
9.1.1,9,Lifespan Development,9.1,What Is Lifespan Development?,1,"Define and distinguish between the three domains of development: physical, cognitive, and psychosocial",https://openstax.org/books/psychology-2e/pages/9-1-what-is-lifespan-development
9.1.2,9,Lifespan Development,9.1,What Is Lifespan Development?,2,Discuss the normative approach to development,https://openstax.org/books/psychology-2e/pages/9-1-what-is-lifespan-development
9.1.3,9,Lifespan Development,9.1,What Is Lifespan Development?,3,"Understand the three major issues in development: continuity and discontinuity, one common course of development or many unique courses of development, and nature versus nurture",https://openstax.org/books/psychology-2e/pages/9-1-what-is-lifespan-development
9.2.1,9,Lifespan Development,9.2,Lifespan Theories,1,Discuss Freud's theory of psychosexual development,https://openstax.org/books/psychology-2e/pages/9-2-lifespan-theories
9.2.2,9,Lifespan Development,9.2,Lifespan Theories,2,Describe the major tasks of child and adult psychosocial development according to Erikson,https://openstax.org/books/psychology-2e/pages/9-2-lifespan-theories
9.2.3,9,Lifespan Development,9.2,Lifespan Theories,3,Discuss Piaget's view of cognitive development and apply the stages to understanding childhood cognition,https://openstax.org/books/psychology-2e/pages/9-2-lifespan-theories
9.2.4,9,Lifespan Development,9.2,Lifespan Theories,4,Describe Kohlberg's theory of moral development,https://openstax.org/books/psychology-2e/pages/9-2-lifespan-theories
9.2.5,9,Lifespan Development,9.2,Lifespan Theories,5,Compare and contrast the strengths and weaknesses of major developmental theories,https://openstax.org/books/psychology-2e/pages/9-2-lifespan-theories
9.3.1,9,Lifespan Development,9.3,Stages of Development,1,Describe the stages of prenatal development and recognize the importance of prenatal care,https://openstax.org/books/psychology-2e/pages/9-3-stages-of-development
9.3.2,9,Lifespan Development,9.3,Stages of Development,2,"Appraise physical, cognitive, and emotional development that occurs from infancy through childhood",https://openstax.org/books/psychology-2e/pages/9-3-stages-of-development
9.3.3,9,Lifespan Development,9.3,Stages of Development,3,"Compare and contrast physical, cognitive, and emotional development that occurs during adolescence",https://openstax.org/books/psychology-2e/pages/9-3-stages-of-development
9.3.4,9,Lifespan Development,9.3,Stages of Development,4,"Examine physical, cognitive, and emotional development that occurs in adulthood",https://openstax.org/books/psychology-2e/pages/9-3-stages-of-development
9.4.1,9,Lifespan Development,9.4,Death and Dying,1,Discuss hospice care,https://openstax.org/books/psychology-2e/pages/9-4-death-and-dying
9.4.2,9,Lifespan Development,9.4,Death and Dying,2,Describe the five stages of grief,https://openstax.org/books/psychology-2e/pages/9-4-death-and-dying
9.4.3,9,Lifespan Development,9.4,Death and Dying,3,"Critique issues regarding living wills, Do Not Resuscitate (DNR) orders, and hospice care",https://openstax.org/books/psychology-2e/pages/9-4-death-and-dying
10.1.1,10,Emotion and Motivation,10.1,Motivation,1,Define intrinsic and extrinsic motivation,https://openstax.org/books/psychology-2e/pages/10-1-motivation
10.1.2,10,Emotion and Motivation,10.1,Motivation,2,"Understand that instincts, drive reduction, self-efficacy, and social motives have all been proposed as theories of motivation",https://openstax.org/books/psychology-2e/pages/10-1-motivation
10.1.3,10,Emotion and Motivation,10.1,Motivation,3,Explain the basic concepts associated with Maslow's hierarchy of needs,https://openstax.org/books/psychology-2e/pages/10-1-motivation
10.2.1,10,Emotion and Motivation,10.2,Hunger and Eating,1,Describe how hunger and eating are regulated,https://openstax.org/books/psychology-2e/pages/10-2-hunger-and-eating
10.2.2,10,Emotion and Motivation,10.2,Hunger and Eating,2,Differentiate between levels of overweight and obesity and the associated health consequences,https://openstax.org/books/psychology-2e/pages/10-2-hunger-and-eating
10.2.3,10,Emotion and Motivation,10.2,Hunger and Eating,3,Explain the health consequences resulting from anorexia and bulimia nervosa,https://openstax.org/books/psychology-2e/pages/10-2-hunger-and-eating
10.3.1,10,Emotion and Motivation,10.3,"Sexual Behavior, Sexuality, and Gender Identity",1,Understand basic biological mechanisms regulating sexual behavior and motivation,https://openstax.org/books/psychology-2e/pages/10-3-sexual-behavior-sexuality-and-gender-identity
10.3.2,10,Emotion and Motivation,10.3,"Sexual Behavior, Sexuality, and Gender Identity",2,Appreciate the importance of Alfred Kinsey's research on human sexuality,https://openstax.org/books/psychology-2e/pages/10-3-sexual-behavior-sexuality-and-gender-identity
10.3.3,10,Emotion and Motivation,10.3,"Sexual Behavior, Sexuality, and Gender Identity",3,Recognize the contributions that William Masters and Virginia Johnson's research made to our understanding of the sexual response cycle,https://openstax.org/books/psychology-2e/pages/10-3-sexual-behavior-sexuality-and-gender-identity
10.3.4,10,Emotion and Motivation,10.3,"Sexual Behavior, Sexuality, and Gender Identity",4,Define sexual orientation and gender identity,https://openstax.org/books/psychology-2e/pages/10-3-sexual-behavior-sexuality-and-gender-identity
10.4.1,10,Emotion and Motivation,10.4,Emotion,1,Explain the major theories of emotion,https://openstax.org/books/psychology-2e/pages/10-4-emotion
10.4.2,10,Emotion and Motivation,10.4,Emotion,2,Describe the role that limbic structures play in emotional processing,https://openstax.org/books/psychology-2e/pages/10-4-emotion
10.4.3,10,Emotion and Motivation,10.4,Emotion,3,Understand the ubiquitous nature of producing and recognizing emotional expression,https://openstax.org/books/psychology-2e/pages/10-4-emotion
11.1.1,11,Personality,11.1,What Is Personality?,1,Define personality,https://openstax.org/books/psychology-2e/pages/11-1-what-is-personality
11.1.2,11,Personality,11.1,What Is Personality?,2,Describe early theories about personality development,https://openstax.org/books/psychology-2e/pages/11-1-what-is-personality
11.2.1,11,Personality,11.2,Freud and the Psychodynamic Perspective,1,Describe the assumptions of the psychodynamic perspective on personality development,https://openstax.org/books/psychology-2e/pages/11-2-freud-and-the-psychodynamic-perspective
11.2.2,11,Personality,11.2,Freud and the Psychodynamic Perspective,2,Define and describe the nature and function of the id ego and superego,https://openstax.org/books/psychology-2e/pages/11-2-freud-and-the-psychodynamic-perspective
11.2.3,11,Personality,11.2,Freud and the Psychodynamic Perspective,3,Define and describe the defense mechanisms,https://openstax.org/books/psychology-2e/pages/11-2-freud-and-the-psychodynamic-perspective
11.2.4,11,Personality,11.2,Freud and the Psychodynamic Perspective,4,Define and describe the psychosexual stages of personality development,https://openstax.org/books/psychology-2e/pages/11-2-freud-and-the-psychodynamic-perspective
11.3.1,11,Personality,11.3,"Neo-Freudians: Adler, Erikson, Jung, and Horney",1,Discuss the concept of the inferiority complex,https://openstax.org/books/psychology-2e/pages/11-3-neo-freudians-adler-erikson-jung-and-horney
11.3.2,11,Personality,11.3,"Neo-Freudians: Adler, Erikson, Jung, and Horney",2,Discuss the core differences between Erikson's and Freud's views on personality,https://openstax.org/books/psychology-2e/pages/11-3-neo-freudians-adler-erikson-jung-and-horney
11.3.3,11,Personality,11.3,"Neo-Freudians: Adler, Erikson, Jung, and Horney",3,Discuss Jung's ideas of the collective unconscious and archetypes,https://openstax.org/books/psychology-2e/pages/11-3-neo-freudians-adler-erikson-jung-and-horney
11.3.4,11,Personality,11.3,"Neo-Freudians: Adler, Erikson, Jung, and Horney",4,Discuss the work of Karen Horney including her revision of Freud's 'penis envy',https://openstax.org/books/psychology-2e/pages/11-3-neo-freudians-adler-erikson-jung-and-horney
11.4.1,11,Personality,11.4,Learning Approaches,1,Describe the behaviorist perspective on personality,https://openstax.org/books/psychology-2e/pages/11-4-learning-approaches
11.4.2,11,Personality,11.4,Learning Approaches,2,Describe the cognitive perspective on personality,https://openstax.org/books/psychology-2e/pages/11-4-learning-approaches
11.4.3,11,Personality,11.4,Learning Approaches,3,Describe the social cognitive perspective on personality,https://openstax.org/books/psychology-2e/pages/11-4-learning-approaches
11.5.1,11,Personality,11.5,Humanistic Approaches,1,Discuss the contributions of Abraham Maslow and Carl Rogers to personality development,https://openstax.org/books/psychology-2e/pages/11-5-humanistic-approaches
11.6.1,11,Personality,11.6,Biological Approaches,1,Discuss the findings of the Minnesota Study of Twins Reared Apart as they relate to personality and genetics,https://openstax.org/books/psychology-2e/pages/11-6-biological-approaches
11.6.2,11,Personality,11.6,Biological Approaches,2,Discuss temperament and describe the three infant temperaments identified by Thomas and Chess,https://openstax.org/books/psychology-2e/pages/11-6-biological-approaches
11.6.3,11,Personality,11.6,Biological Approaches,3,Discuss the evolutionary perspective on personality development,https://openstax.org/books/psychology-2e/pages/11-6-biological-approaches
11.7.1,11,Personality,11.7,Trait Theorists,1,Discuss early trait theories of Cattell and Eysenck,https://openstax.org/books/psychology-2e/pages/11-7-trait-theorists
11.7.2,11,Personality,11.7,Trait Theorists,2,Discuss the Big Five factors and describe someone who is high and low on each of the five factors,https://openstax.org/books/psychology-2e/pages/11-7-trait-theorists
11.8.1,11,Personality,11.8,Cultural Understandings of Personality,1,Discuss personality differences of people from collectivist and individualist cultures,https://openstax.org/books/psychology-2e/pages/11-8-cultural-understandings-of-personality
11.8.2,11,Personality,11.8,Cultural Understandings of Personality,2,Discuss the three approaches to studying personality in a cultural context,https://openstax.org/books/psychology-2e/pages/11-8-cultural-understandings-of-personality
11.9.1,11,Personality,11.9,Personality Assessment,1,Discuss the Minnesota Multiphasic Personality Inventory,https://openstax.org/books/psychology-2e/pages/11-9-personality-assessment
11.9.2,11,Personality,11.9,Personality Assessment,2,Recognize and describe common projective tests used in personality assessment,https://openstax.org/books/psychology-2e/pages/11-9-personality-assessment
12.1.1,12,Social Psychology,12.1,What Is Social Psychology?,1,Define social psychology,https://openstax.org/books/psychology-2e/pages/12-1-what-is-social-psychology
12.1.2,12,Social Psychology,12.1,What Is Social Psychology?,2,Describe situational versus dispositional influences on behavior,https://openstax.org/books/psychology-2e/pages/12-1-what-is-social-psychology
12.1.3,12,Social Psychology,12.1,What Is Social Psychology?,3,Describe the fundamental attribution error,https://openstax.org/books/psychology-2e/pages/12-1-what-is-social-psychology
12.1.4,12,Social Psychology,12.1,What Is Social Psychology?,4,Explain actor-observer bias,https://openstax.org/books/psychology-2e/pages/12-1-what-is-social-psychology
12.1.5,12,Social Psychology,12.1,What Is Social Psychology?,5,Describe self-serving bias,https://openstax.org/books/psychology-2e/pages/12-1-what-is-social-psychology
12.1.6,12,Social Psychology,12.1,What Is Social Psychology?,6,Explain the just-world hypothesis,https://openstax.org/books/psychology-2e/pages/12-1-what-is-social-psychology
12.2.1,12,Social Psychology,12.2,Self-presentation,1,Describe social roles and how they influence behavior,https://openstax.org/books/psychology-2e/pages/12-2-self-presentation
12.2.2,12,Social Psychology,12.2,Self-presentation,2,Explain what social norms are and how they influence behavior,https://openstax.org/books/psychology-2e/pages/12-2-self-presentation
12.2.3,12,Social Psychology,12.2,Self-presentation,3,Define script,https://openstax.org/books/psychology-2e/pages/12-2-self-presentation
12.2.4,12,Social Psychology,12.2,Self-presentation,4,Describe the findings and criticisms of Zimbardo's Stanford prison experiment,https://openstax.org/books/psychology-2e/pages/12-2-self-presentation
12.3.1,12,Social Psychology,12.3,Attitudes and Persuasion,1,Define attitude,https://openstax.org/books/psychology-2e/pages/12-3-attitudes-and-persuasion
12.3.2,12,Social Psychology,12.3,Attitudes and Persuasion,2,Describe how people's attitudes are internally changed through cognitive dissonance,https://openstax.org/books/psychology-2e/pages/12-3-attitudes-and-persuasion
12.3.3,12,Social Psychology,12.3,Attitudes and Persuasion,3,Explain how people's attitudes are externally changed through persuasion,https://openstax.org/books/psychology-2e/pages/12-3-attitudes-and-persuasion
12.3.4,12,Social Psychology,12.3,Attitudes and Persuasion,4,Describe the peripheral and central routes to persuasion,https://openstax.org/books/psychology-2e/pages/12-3-attitudes-and-persuasion
12.4.1,12,Social Psychology,12.4,"Conformity, Compliance, and Obedience",1,Explain the Asch effect,https://openstax.org/books/psychology-2e/pages/12-4-conformity-compliance-and-obedience
12.4.2,12,Social Psychology,12.4,"Conformity, Compliance, and Obedience",2,Define conformity and types of social influence,https://openstax.org/books/psychology-2e/pages/12-4-conformity-compliance-and-obedience
12.4.3,12,Social Psychology,12.4,"Conformity, Compliance, and Obedience",3,Describe Stanley Milgram's experiment and its implications,https://openstax.org/books/psychology-2e/pages/12-4-conformity-compliance-and-obedience
12.4.4,12,Social Psychology,12.4,"Conformity, Compliance, and Obedience",4,Define groupthink social facilitation and social loafing,https://openstax.org/books/psychology-2e/pages/12-4-conformity-compliance-and-obedience
12.5.1,12,Social Psychology,12.5,Prejudice and Discrimination,1,Define and distinguish among prejudice stereotypes and discrimination,https://openstax.org/books/psychology-2e/pages/12-5-prejudice-and-discrimination
12.5.2,12,Social Psychology,12.5,Prejudice and Discrimination,2,Provide examples of prejudice stereotypes and discrimination,https://openstax.org/books/psychology-2e/pages/12-5-prejudice-and-discrimination
12.5.3,12,Social Psychology,12.5,Prejudice and Discrimination,3,Explain why prejudice and discrimination exist,https://openstax.org/books/psychology-2e/pages/12-5-prejudice-and-discrimination
12.6.1,12,Social Psychology,12.6,Aggression,1,Define aggression,https://openstax.org/books/psychology-2e/pages/12-6-aggression
12.6.2,12,Social Psychology,12.6,Aggression,2,Define cyberbullying,https://openstax.org/books/psychology-2e/pages/12-6-aggression
12.6.3,12,Social Psychology,12.6,Aggression,3,Describe the bystander effect,https://openstax.org/books/psychology-2e/pages/12-6-aggression
12.7.1,12,Social Psychology,12.7,Prosocial Behavior,1,Describe altruism,https://openstax.org/books/psychology-2e/pages/12-7-prosocial-behavior
12.7.2,12,Social Psychology,12.7,Prosocial Behavior,2,Describe conditions that influence the formation of relationships,https://openstax.org/books/psychology-2e/pages/12-7-prosocial-behavior
12.7.3,12,Social Psychology,12.7,Prosocial Behavior,3,Identify what attracts people to each other,https://openstax.org/books/psychology-2e/pages/12-7-prosocial-behavior
12.7.4,12,Social Psychology,12.7,Prosocial Behavior,4,Describe the triangular theory of love,https://openstax.org/books/psychology-2e/pages/12-7-prosocial-behavior
12.7.5,12,Social Psychology,12.7,Prosocial Behavior,5,Explain social exchange theory in relationships,https://openstax.org/books/psychology-2e/pages/12-7-prosocial-behavior
13.1.1,13,Industrial-Organizational Psychology,13.1,What Is Industrial and Organizational Psychology?,1,Understand the scope of study in the field of industrial and organizational psychology,https://openstax.org/books/psychology-2e/pages/13-1-what-is-industrial-and-organizational-psychology
13.1.2,13,Industrial-Organizational Psychology,13.1,What Is Industrial and Organizational Psychology?,2,Describe the history of industrial and organizational psychology,https://openstax.org/books/psychology-2e/pages/13-1-what-is-industrial-and-organizational-psychology
13.2.1,13,Industrial-Organizational Psychology,13.2,Industrial Psychology: Selecting and Evaluating Employees,1,Explain the aspects of employee selection,https://openstax.org/books/psychology-2e/pages/13-2-industrial-psychology-selecting-and-evaluating-employees
13.2.2,13,Industrial-Organizational Psychology,13.2,Industrial Psychology: Selecting and Evaluating Employees,2,Describe the kinds of job training,https://openstax.org/books/psychology-2e/pages/13-2-industrial-psychology-selecting-and-evaluating-employees
13.2.3,13,Industrial-Organizational Psychology,13.2,Industrial Psychology: Selecting and Evaluating Employees,3,Describe the approaches to and issues surrounding performance assessment,https://openstax.org/books/psychology-2e/pages/13-2-industrial-psychology-selecting-and-evaluating-employees
13.3.1,13,Industrial-Organizational Psychology,13.3,Organizational Psychology: The Social Dimension of Work,1,Define organizational psychology,https://openstax.org/books/psychology-2e/pages/13-3-organizational-psychology-the-social-dimension-of-work
13.3.2,13,Industrial-Organizational Psychology,13.3,Organizational Psychology: The Social Dimension of Work,2,Explain the measurement and determinants of job satisfaction,https://openstax.org/books/psychology-2e/pages/13-3-organizational-psychology-the-social-dimension-of-work
13.3.3,13,Industrial-Organizational Psychology,13.3,Organizational Psychology: The Social Dimension of Work,3,Describe key elements of management and leadership,https://openstax.org/books/psychology-2e/pages/13-3-organizational-psychology-the-social-dimension-of-work
13.3.4,13,Industrial-Organizational Psychology,13.3,Organizational Psychology: The Social Dimension of Work,4,Explain the significance of organizational culture,https://openstax.org/books/psychology-2e/pages/13-3-organizational-psychology-the-social-dimension-of-work
13.4.1,13,Industrial-Organizational Psychology,13.4,Human Factors Psychology and Workplace Design,1,Describe the field of human factors psychology,https://openstax.org/books/psychology-2e/pages/13-4-human-factors-psychology-and-workplace-design
13.4.2,13,Industrial-Organizational Psychology,13.4,Human Factors Psychology and Workplace Design,2,Explain the role of human factors psychology in safety productivity and job satisfaction,https://openstax.org/books/psychology-2e/pages/13-4-human-factors-psychology-and-workplace-design
14.1.1,14,"Stress, Lifestyle, and Health",14.1,What Is Stress?,1,Differentiate between stimulus-based and response-based definitions of stress,https://openstax.org/books/psychology-2e/pages/14-1-what-is-stress
14.1.2,14,"Stress, Lifestyle, and Health",14.1,What Is Stress?,2,Define stress as a process,https://openstax.org/books/psychology-2e/pages/14-1-what-is-stress
14.1.3,14,"Stress, Lifestyle, and Health",14.1,What Is Stress?,3,Differentiate between good stress and bad stress,https://openstax.org/books/psychology-2e/pages/14-1-what-is-stress
14.1.4,14,"Stress, Lifestyle, and Health",14.1,What Is Stress?,4,Describe the early contributions of Walter Cannon and Hans Selye to the stress research field,https://openstax.org/books/psychology-2e/pages/14-1-what-is-stress
14.1.5,14,"Stress, Lifestyle, and Health",14.1,What Is Stress?,5,Understand the physiological basis of stress and describe the general adaptation syndrome,https://openstax.org/books/psychology-2e/pages/14-1-what-is-stress
14.2.1,14,"Stress, Lifestyle, and Health",14.2,Stressors,1,Describe different types of possible stressors,https://openstax.org/books/psychology-2e/pages/14-2-stressors
14.2.2,14,"Stress, Lifestyle, and Health",14.2,Stressors,2,Explain the importance of life changes as potential stressors,https://openstax.org/books/psychology-2e/pages/14-2-stressors
14.2.3,14,"Stress, Lifestyle, and Health",14.2,Stressors,3,Describe the Social Readjustment Rating Scale,https://openstax.org/books/psychology-2e/pages/14-2-stressors
14.2.4,14,"Stress, Lifestyle, and Health",14.2,Stressors,4,Understand the concepts of job strain and job burnout,https://openstax.org/books/psychology-2e/pages/14-2-stressors
14.3.1,14,"Stress, Lifestyle, and Health",14.3,Stress and Illness,1,Explain the nature of psychophysiological disorders,https://openstax.org/books/psychology-2e/pages/14-3-stress-and-illness
14.3.2,14,"Stress, Lifestyle, and Health",14.3,Stress and Illness,2,Describe the immune system and how stress impacts its functioning,https://openstax.org/books/psychology-2e/pages/14-3-stress-and-illness
14.3.3,14,"Stress, Lifestyle, and Health",14.3,Stress and Illness,3,Describe how stress and emotional factors can lead to the development and exacerbation of cardiovascular disorders asthma and tension headaches,https://openstax.org/books/psychology-2e/pages/14-3-stress-and-illness
14.4.1,14,"Stress, Lifestyle, and Health",14.4,Regulation of Stress,1,Define coping and differentiate between problem-focused and emotion-focused coping,https://openstax.org/books/psychology-2e/pages/14-4-regulation-of-stress
14.4.2,14,"Stress, Lifestyle, and Health",14.4,Regulation of Stress,2,Describe the importance of perceived control in our reactions to stress,https://openstax.org/books/psychology-2e/pages/14-4-regulation-of-stress
14.4.3,14,"Stress, Lifestyle, and Health",14.4,Regulation of Stress,3,Explain how social support is vital in health and longevity,https://openstax.org/books/psychology-2e/pages/14-4-regulation-of-stress
14.5.1,14,"Stress, Lifestyle, and Health",14.5,The Pursuit of Happiness,1,Define and discuss happiness including its determinants,https://openstax.org/books/psychology-2e/pages/14-5-the-pursuit-of-happiness
14.5.2,14,"Stress, Lifestyle, and Health",14.5,The Pursuit of Happiness,2,Describe the field of positive psychology and identify the kinds of problems it addresses,https://openstax.org/books/psychology-2e/pages/14-5-the-pursuit-of-happiness
14.5.3,14,"Stress, Lifestyle, and Health",14.5,The Pursuit of Happiness,3,Explain the meaning of positive affect and discuss its importance in health outcomes,https://openstax.org/books/psychology-2e/pages/14-5-the-pursuit-of-happiness
14.5.4,14,"Stress, Lifestyle, and Health",14.5,The Pursuit of Happiness,4,Describe the concept of flow and its relationship to happiness and fulfillment,https://openstax.org/books/psychology-2e/pages/14-5-the-pursuit-of-happiness
15.1.1,15,Psychological Disorders,15.1,What Are Psychological Disorders?,1,Understand the problems inherent in defining the concept of psychological disorder,https://openstax.org/books/psychology-2e/pages/15-1-what-are-psychological-disorders
15.1.2,15,Psychological Disorders,15.1,What Are Psychological Disorders?,2,Describe what is meant by harmful dysfunction,https://openstax.org/books/psychology-2e/pages/15-1-what-are-psychological-disorders
15.1.3,15,Psychological Disorders,15.1,What Are Psychological Disorders?,3,Identify the formal criteria that thoughts feelings and behaviors must meet to be considered abnormal and thus symptomatic of a psychological disorder,https://openstax.org/books/psychology-2e/pages/15-1-what-are-psychological-disorders
15.2.1,15,Psychological Disorders,15.2,Diagnosing and Classifying Psychological Disorders,1,Explain why classification systems are necessary in the study of psychopathology,https://openstax.org/books/psychology-2e/pages/15-2-diagnosing-and-classifying-psychological-disorders
15.2.2,15,Psychological Disorders,15.2,Diagnosing and Classifying Psychological Disorders,2,Describe the basic features of the Diagnostic and Statistical Manual of Mental Disorders Fifth Edition (DSM-5),https://openstax.org/books/psychology-2e/pages/15-2-diagnosing-and-classifying-psychological-disorders
15.2.3,15,Psychological Disorders,15.2,Diagnosing and Classifying Psychological Disorders,3,Discuss changes in the DSM over time including criticisms of the current edition,https://openstax.org/books/psychology-2e/pages/15-2-diagnosing-and-classifying-psychological-disorders
15.2.4,15,Psychological Disorders,15.2,Diagnosing and Classifying Psychological Disorders,4,Identify which disorders are generally the most common,https://openstax.org/books/psychology-2e/pages/15-2-diagnosing-and-classifying-psychological-disorders
15.3.1,15,Psychological Disorders,15.3,Perspectives on Psychological Disorders,1,Discuss supernatural perspectives on the origin of psychological disorders in their historical context,https://openstax.org/books/psychology-2e/pages/15-3-perspectives-on-psychological-disorders
15.3.2,15,Psychological Disorders,15.3,Perspectives on Psychological Disorders,2,Describe modern biological and psychological perspectives on the origin of psychological disorders,https://openstax.org/books/psychology-2e/pages/15-3-perspectives-on-psychological-disorders
15.3.3,15,Psychological Disorders,15.3,Perspectives on Psychological Disorders,3,Identify which disorders generally show the highest degree of heritability,https://openstax.org/books/psychology-2e/pages/15-3-perspectives-on-psychological-disorders
15.3.4,15,Psychological Disorders,15.3,Perspectives on Psychological Disorders,4,Describe the diathesis-stress model and its importance to the study of psychopathology,https://openstax.org/books/psychology-2e/pages/15-3-perspectives-on-psychological-disorders
15.4.1,15,Psychological Disorders,15.4,Anxiety Disorders,1,Distinguish normal anxiety from pathological anxiety,https://openstax.org/books/psychology-2e/pages/15-4-anxiety-disorders
15.4.2,15,Psychological Disorders,15.4,Anxiety Disorders,2,List and describe the major anxiety disorders including their main features and prevalence,https://openstax.org/books/psychology-2e/pages/15-4-anxiety-disorders
15.4.3,15,Psychological Disorders,15.4,Anxiety Disorders,3,Describe basic psychological and biological factors that are suspected to be important in the etiology of anxiety disorders,https://openstax.org/books/psychology-2e/pages/15-4-anxiety-disorders
15.5.1,15,Psychological Disorders,15.5,Obsessive-Compulsive and Related Disorders,1,Describe the main features and prevalence of obsessive-compulsive disorder body dysmorphic disorder and hoarding disorder,https://openstax.org/books/psychology-2e/pages/15-5-obsessive-compulsive-and-related-disorders
15.5.2,15,Psychological Disorders,15.5,Obsessive-Compulsive and Related Disorders,2,Understand some of the factors in the development of obsessive-compulsive disorder,https://openstax.org/books/psychology-2e/pages/15-5-obsessive-compulsive-and-related-disorders
15.6.1,15,Psychological Disorders,15.6,Posttraumatic Stress Disorder,1,Describe the nature and symptoms of posttraumatic stress disorder,https://openstax.org/books/psychology-2e/pages/15-6-posttraumatic-stress-disorder
15.6.2,15,Psychological Disorders,15.6,Posttraumatic Stress Disorder,2,Identify the risk factors associated with this disorder,https://openstax.org/books/psychology-2e/pages/15-6-posttraumatic-stress-disorder
15.6.3,15,Psychological Disorders,15.6,Posttraumatic Stress Disorder,3,Understand the role of learning and cognitive factors in its development,https://openstax.org/books/psychology-2e/pages/15-6-posttraumatic-stress-disorder
15.7.1,15,Psychological Disorders,15.7,Mood and Related Disorders,1,Distinguish normal states of sadness and euphoria from states of depression and mania,https://openstax.org/books/psychology-2e/pages/15-7-mood-and-related-disorders
15.7.2,15,Psychological Disorders,15.7,Mood and Related Disorders,2,Describe the symptoms of major depressive disorder and bipolar disorder,https://openstax.org/books/psychology-2e/pages/15-7-mood-and-related-disorders
15.7.3,15,Psychological Disorders,15.7,Mood and Related Disorders,3,Understand the differences between major depressive disorder and persistent depressive disorder and identify two subtypes of depression,https://openstax.org/books/psychology-2e/pages/15-7-mood-and-related-disorders
15.7.4,15,Psychological Disorders,15.7,Mood and Related Disorders,4,Define the criteria for a manic episode,https://openstax.org/books/psychology-2e/pages/15-7-mood-and-related-disorders
15.7.5,15,Psychological Disorders,15.7,Mood and Related Disorders,5,Understand genetic biological and psychological explanations of major depressive disorder,https://openstax.org/books/psychology-2e/pages/15-7-mood-and-related-disorders
15.7.6,15,Psychological Disorders,15.7,Mood and Related Disorders,6,Discuss the relationship between mood disorders and suicidal ideation as well as factors associated with suicide,https://openstax.org/books/psychology-2e/pages/15-7-mood-and-related-disorders
15.8.1,15,Psychological Disorders,15.8,Schizophrenia,1,Recognize the essential nature of schizophrenia avoiding the misconception that it involves a split personality,https://openstax.org/books/psychology-2e/pages/15-8-schizophrenia
15.8.2,15,Psychological Disorders,15.8,Schizophrenia,2,Categorize and describe the major symptoms of schizophrenia,https://openstax.org/books/psychology-2e/pages/15-8-schizophrenia
15.8.3,15,Psychological Disorders,15.8,Schizophrenia,3,Understand the interplay between genetic biological and environmental factors that are associated with the development of schizophrenia,https://openstax.org/books/psychology-2e/pages/15-8-schizophrenia
15.8.4,15,Psychological Disorders,15.8,Schizophrenia,4,Discuss the importance of research examining prodromal symptoms of schizophrenia,https://openstax.org/books/psychology-2e/pages/15-8-schizophrenia
15.9.1,15,Psychological Disorders,15.9,Dissociative Disorders,1,Describe the essential nature of dissociative disorders,https://openstax.org/books/psychology-2e/pages/15-9-dissociative-disorders
15.9.2,15,Psychological Disorders,15.9,Dissociative Disorders,2,Identify and differentiate the symptoms of dissociative amnesia depersonalization/derealization disorder and dissociative identity disorder,https://openstax.org/books/psychology-2e/pages/15-9-dissociative-disorders
15.9.3,15,Psychological Disorders,15.9,Dissociative Disorders,3,Discuss the potential role of both social and psychological factors in dissociative identity disorder,https://openstax.org/books/psychology-2e/pages/15-9-dissociative-disorders
15.1.1,15,Psychological Disorders,15.1,Disorders in Childhood,1,Describe the nature and symptoms of attention deficit/hyperactivity disorder and autism spectrum disorder,https://openstax.org/books/psychology-2e/pages/15-10-disorders-in-childhood
15.1.2,15,Psychological Disorders,15.1,Disorders in Childhood,2,Discuss the prevalence and factors that contribute to the development of these disorders,https://openstax.org/books/psychology-2e/pages/15-10-disorders-in-childhood
15.11.1,15,Psychological Disorders,15.11,Personality Disorders,1,Describe the nature of personality disorders and how they differ from other disorders,https://openstax.org/books/psychology-2e/pages/15-11-personality-disorders
15.11.2,15,Psychological Disorders,15.11,Personality Disorders,2,List and distinguish between the three clusters of personality disorders,https://openstax.org/books/psychology-2e/pages/15-11-personality-disorders
15.11.3,15,Psychological Disorders,15.11,Personality Disorders,3,Identify the basic features of borderline personality disorder and antisocial personality disorder and the factors that are important in the etiology of both,https://openstax.org/books/psychology-2e/pages/15-11-personality-disorders
16.1.1,16,Therapy and Treatment,16.1,Mental Health Treatment: Past and Present,1,Explain how people with psychological disorders have been treated throughout the ages,https://openstax.org/books/psychology-2e/pages/16-1-mental-health-treatment-past-and-present
16.1.2,16,Therapy and Treatment,16.1,Mental Health Treatment: Past and Present,2,Discuss deinstitutionalization,https://openstax.org/books/psychology-2e/pages/16-1-mental-health-treatment-past-and-present
16.1.3,16,Therapy and Treatment,16.1,Mental Health Treatment: Past and Present,3,Discuss the ways in which mental health services are delivered today,https://openstax.org/books/psychology-2e/pages/16-1-mental-health-treatment-past-and-present
16.1.4,16,Therapy and Treatment,16.1,Mental Health Treatment: Past and Present,4,Distinguish between voluntary and involuntary treatment,https://openstax.org/books/psychology-2e/pages/16-1-mental-health-treatment-past-and-present
16.2.1,16,Therapy and Treatment,16.2,Types of Treatment,1,Distinguish between psychotherapy and biomedical therapy,https://openstax.org/books/psychology-2e/pages/16-2-types-of-treatment
16.2.2,16,Therapy and Treatment,16.2,Types of Treatment,2,Recognize various orientations to psychotherapy,https://openstax.org/books/psychology-2e/pages/16-2-types-of-treatment
16.2.3,16,Therapy and Treatment,16.2,Types of Treatment,3,Discuss psychotropic medications and recognize which medications are used to treat specific psychological disorders,https://openstax.org/books/psychology-2e/pages/16-2-types-of-treatment
16.3.1,16,Therapy and Treatment,16.3,Treatment Modalities,1,Distinguish between the various modalities of treatment,https://openstax.org/books/psychology-2e/pages/16-3-treatment-modalities
16.3.2,16,Therapy and Treatment,16.3,Treatment Modalities,2,Discuss benefits of group therapy,https://openstax.org/books/psychology-2e/pages/16-3-treatment-modalities
16.4.1,16,Therapy and Treatment,16.4,Substance-Related and Addictive Disorders: A Special Case,1,Recognize the goal of substance-related and addictive disorders treatment,https://openstax.org/books/psychology-2e/pages/16-4-substance-related-and-addictive-disorders-a-special-case
16.4.2,16,Therapy and Treatment,16.4,Substance-Related and Addictive Disorders: A Special Case,2,Discuss what makes for effective treatment,https://openstax.org/books/psychology-2e/pages/16-4-substance-related-and-addictive-disorders-a-special-case
16.4.3,16,Therapy and Treatment,16.4,Substance-Related and Addictive Disorders: A Special Case,3,Describe how comorbid disorders are treated,https://openstax.org/books/psychology-2e/pages/16-4-substance-related-and-addictive-disorders-a-special-case
16.5.1,16,Therapy and Treatment,16.5,The Sociocultural Model and Therapy Utilization,1,Explain how the sociocultural model is used in therapy,https://openstax.org/books/psychology-2e/pages/16-5-the-sociocultural-model-and-therapy-utilization
16.5.2,16,Therapy and Treatment,16.5,The Sociocultural Model and Therapy Utilization,2,Discuss barriers to mental health services among ethnic minorities,https://openstax.org/books/psychology-2e/pages/16-5-the-sociocultural-model-and-therapy-utilization